{
    "ElGamal": {
        "encryption_time": 0.009105920791625977,
        "decryption_time": 0.009951591491699219,
        "encrypted_message_size": 617
    },
    "Salsa20": {
        "encryption_time": 0.0019500255584716797,
        "decryption_time": 0.0,
        "encrypted_message_size": 137
    },
    "AES-256": {
        "encryption_time": 0.0,
        "decryption_time": 0.0,
        "encrypted_message_size": 144
    },
    "RSA_OAEP": {
        "encryption_time": 0.0010945796966552734,
        "decryption_time": 0.003939390182495117,
        "encrypted_message_size": 256
    }
}